URL,Traffic,Category,Top_Search_Queries,User_Intent
https://www.adobe.com/express/feature/image/remove-background,4797011,,"remove background from image free; background remover online; transparent background maker; cut out background photo",transactional
https://www.adobe.com/,1584229,,"adobe; adobe creative cloud; adobe sign; adobe acrobat free download",navigational
https://www.adobe.com/in/acrobat/online/pdf-to-word.html,1306841,,"pdf to word converter free; convert pdf to word online; pdf to docx converter; how to convert pdf to word",transactional
https://www.adobe.com/express/feature/image/qr-code-generator,978480,,"qr code generator free; create qr code online; how to make qr code; qr code maker; free qr code generator",transactional
https://www.adobe.com/express/feature/image/resize,913281,,"resize image online; photo resizer free; change image size; compress image without losing quality",transactional
https://www.adobe.com/products/firefly/features/text-to-image.html,805685,,"ai image generator; text to image ai; ai art generator free; adobe firefly",informational
https://www.adobe.com/acrobat/online/word-to-pdf.html,743744,,"word to pdf converter; convert docx to pdf online; doc to pdf free",transactional
https://www.adobe.com/id_id/acrobat/online/pdf-to-word.html,724842,,"konversi pdf ke word; ubah pdf ke word; pdf ke word online gratis",transactional
https://www.adobe.com/acrobat/online/compress-pdf.html,656706,,"compress pdf online; reduce pdf file size; pdf compressor free; make pdf smaller",transactional
